ts,cpu,disk-space,engine-loop
1608594663,83.5,67.6,0
1608594684,53.2,67.6,0.010560989379882812
1608594704,51.4,67.6,0.021642684936523438
1608594725,58.4,67.6,0.44165611267089844
