label,avg_ct,avg_lt,avg_rt,bytes,concurrency,fail,stdev_rt,succ,throughput,perc_0.0,perc_50.0,perc_90.0,perc_95.0,perc_99.0,perc_99.9,perc_100.0,rc_200
blazedemo,0.04055,0.13777,0.97447,115973811,1,0,0.32164,405,405,0.69000,0.92800,1.13400,1.24400,1.51100,4.04600,4.04600,405
,0.01222,0.10581,0.57748,435617804,1,0,0.33154,2410,2410,0.21700,0.51300,0.97200,1.06400,1.27700,3.82200,4.04600,2410
reserve,0.00046,0.09174,0.31832,2401840,2,0,0.07910,404,404,0.22000,0.29600,0.42200,0.46600,0.61900,0.64300,0.64300,404
purchase,0.00000,0.09096,0.32642,2182668,8,0,0.07981,403,403,0.21700,0.30700,0.43600,0.49000,0.58000,0.70000,0.70000,403
confirmation,0.00236,0.09698,0.32956,1798501,5,0,0.08089,401,401,0.22200,0.30600,0.43200,0.49200,0.58400,0.76500,0.76500,401
login,0.00915,0.10054,0.77265,166808908,4,0,0.30294,399,399,0.49200,0.71500,1.03000,1.15700,1.37100,3.70200,3.70200,399
vacation,0.02070,0.11680,0.74490,146452076,3,0,0.16856,398,398,0.37100,0.73900,0.95200,1.00500,1.23800,1.42300,1.42300,398
