ts,cpu,disk-space,engine-loop
1608594442,84.7,67.6,0
1608594462,58.8,67.6,0.11403441429138184
1608594482,57.8,67.6,0.4472320079803467
1608594502,65.0,67.6,0.35456395149230957
